,Program,negative_scores,Year
0,Study Permit,0.033,2013
1,Work Permit,0.043500000000000004,2013
2,Study Permit,0.03847727272727273,2014
3,Work Permit,0.013190476190476192,2014
4,Study Permit,0.02520977596741344,2015
5,Work Permit,0.05043661971830987,2015
6,Study Permit,0.03065576323987539,2016
7,Work Permit,0.022356164383561646,2016
8,Express Entry,0.020000000000000004,2017
9,Study Permit,0.03336404160475483,2017
10,Visitor Visa,0.0,2017
11,Work Permit,0.035777777777777776,2017
12,Working Holiday,0.056,2017
13,Express Entry,0.023461794019933556,2018
14,PNP,0.009878048780487805,2018
15,Sponsorship,0.02385276073619632,2018
16,Study Permit,0.027467207572684244,2018
17,Visitor Visa,0.025000000000000005,2018
18,Work Permit,0.024791397849462368,2018
19,Express Entry,0.01251595006934813,2019
20,PNP,0.024,2019
21,Sponsorship,0.015712530712530714,2019
22,Study Permit,0.026598799630655586,2019
23,Visitor Visa,0.077,2019
24,Work Permit,0.007499999999999999,2019
25,Working Holiday,0.0875,2019
26,Citizenship,0.0205,2020
27,Express Entry,0.012988548437016401,2020
28,PNP,0.0,2020
29,Quebec,0.05333333333333334,2020
30,Sponsorship,0.02608665511265165,2020
31,Study Permit,0.03452502096729102,2020
32,Visitor Visa,0.005428076256499134,2020
33,Work Permit,0.021033909574468088,2020
34,Citizenship,0.040999999999999995,2021
35,Express Entry,0.04370789259560619,2021
36,PNP,0.0,2021
37,Sponsorship,0.01676062176165803,2021
38,Study Permit,0.023410329531051967,2021
39,Visitor Visa,0.04265489749430524,2021
40,Work Permit,0.04863757115749525,2021
41,Working Holiday,0.015716730038022816,2021
42,Citizenship,0.0,2022
43,Express Entry,0.032999999999999995,2022
44,Quebec,0.036,2022
45,Sponsorship,0.03218805093046034,2022
46,Study Permit,0.0441712605659684,2022
47,Visitor Visa,0.02825,2022
48,Work Permit,0.035111111111111114,2022
49,Citizenship,0.0765,2023
50,Express Entry,0.050150729335494325,2023
51,PNP,0.029836956521739132,2023
52,Sponsorship,0.006500000000000002,2023
53,Study Permit,0.05695488721804512,2023
54,Visitor Visa,0.06972826086956521,2023
55,Work Permit,0.03880978260869566,2023
56,Working Holiday,0.007500000000000003,2023
