,Year,App_received,sentiment_negative,App
0,2020,369474.0,0.017227718258490995,PR
1,2021,673081.0,0.02451994301994302,PR
2,2022,367686.0,0.032843704066634005,PR
3,2023,148360.0,0.04033152762730227,PR
4,2020,1881618.0,0.030531588270025587,TRV
5,2021,2284557.0,0.028170185810810808,TRV
6,2022,4725248.0,0.04091037402964008,TRV
7,2023,2484683.0,0.0470861801242236,TRV
8,2020,110989.0,0.0205,Citizenship
9,2021,137133.0,0.041,Citizenship
10,2022,375413.0,0.0,Citizenship
11,2023,100161.0,0.0765,Citizenship
12,2020,188224.0,0.005428076256499134,Visitor
13,2021,230646.0,0.04265489749430524,Visitor
14,2022,1156566.0,0.02825,Visitor
15,2023,786883.0,0.06972826086956521,Visitor
