,Program,Year,avg_comments
0,Citizenship,2020,3.5
1,Citizenship,2021,2.0
2,Citizenship,2022,0.0
3,Citizenship,2023,0.0
4,Express Entry,2017,2.0
5,Express Entry,2018,6.750830564784053
6,Express Entry,2019,5.871012482662968
7,Express Entry,2020,4.3562364593005265
8,Express Entry,2021,3.8641171684296176
9,Express Entry,2022,0.0
10,Express Entry,2023,0.0
11,PNP,2018,2.658536585365854
12,PNP,2019,2.0
13,PNP,2020,2.5064935064935066
14,PNP,2021,0.4985754985754986
15,PNP,2023,0.0
16,Quebec,2020,1.0
17,Quebec,2022,3.0
18,Sponsorship,2018,4.012269938650307
19,Sponsorship,2019,5.434889434889435
20,Sponsorship,2020,4.2079722703639515
21,Sponsorship,2021,5.451295336787565
22,Sponsorship,2022,0.0
23,Sponsorship,2023,0.0
24,Study Permit,2013,1.7307692307692308
25,Study Permit,2014,4.265151515151516
26,Study Permit,2015,3.794297352342159
27,Study Permit,2016,3.641744548286604
28,Study Permit,2017,3.5958395245170878
29,Study Permit,2018,7.415821501014198
30,Study Permit,2019,5.353185595567867
31,Study Permit,2020,4.930668157674028
32,Study Permit,2021,6.835551330798479
33,Study Permit,2022,1.4994487320837928
34,Study Permit,2023,0.0
35,Visitor Visa,2017,0.0
36,Visitor Visa,2018,6.0
37,Visitor Visa,2019,9.0
38,Visitor Visa,2020,4.620450606585789
39,Visitor Visa,2021,1.398633257403189
40,Visitor Visa,2022,0.0
41,Visitor Visa,2023,0.0
42,Work Permit,2013,4.25
43,Work Permit,2014,3.1904761904761907
44,Work Permit,2015,3.1549295774647885
45,Work Permit,2016,5.273972602739726
46,Work Permit,2017,3.6666666666666665
47,Work Permit,2018,7.578494623655914
48,Work Permit,2019,4.0
49,Work Permit,2020,4.468085106382978
50,Work Permit,2021,2.667931688804554
51,Work Permit,2022,1.1111111111111112
52,Work Permit,2023,0.0
53,Working Holiday,2017,1.0
54,Working Holiday,2019,2.5
55,Working Holiday,2021,2.3365019011406845
56,Working Holiday,2023,0.0
