,Program,sentiment_negative,sentiment_positive,sentiment_neutral
0,Citizenship,0.027240687679083095,0.05157975167144222,0.9211212989493792
1,Express Entry,0.02456179130185159,0.051348069470360275,0.9241082244868666
2,PNP,0.00826427771556551,0.06650503919372901,0.9253493840985442
3,Quebec,0.04764478764478764,0.07474903474903474,0.8776061776061777
4,Sponsorship,0.021644549763033177,0.05854454976303317,0.9198547393364929
5,Study Permit,0.03291157614612314,0.07085944115156646,0.8962020684649813
6,Visitor Visa,0.0318490253007051,0.052669017005391956,0.9154205723766073
7,Work Permit,0.031095429872176505,0.06201645946419191,0.9068965154964105
8,Working Holiday,0.02393791281373844,0.149669749009247,0.8266829590488771
